,RMSE,RMSE Std,MAE,MAE Std,R²,R² Std
LightGBM (Best Model),58.64586332320037,4.387274719423402,38.21312895852355,0.9906717900054509,0.10453959988945268,0.01934139946855775
XGBoost,58.67305843707733,4.470926234090436,37.92984561830519,1.0787482287499108,0.10371734133895508,0.02617294484387554
