Model,RMSE,MAE,R²,Training Time (s)
Linear Regression,4.932138015737922,3.865967796538651,0.35061396512614473,0.010484933853149414
Ridge Regression,4.932121436498537,3.8661292170892754,0.35061833090358074,0.007036924362182617
Lasso Regression,5.042708089670214,3.942464982993007,0.3211713550811526,0.12313175201416016
Random Forest,3.6180293984070304,2.715155517682147,0.6505567259205427,14.462417364120483
Gradient Boosting,4.138883458659152,3.2315395651141228,0.5427024246835498,3.258561849594116
XGBoost,3.695487927951496,2.8524258313252155,0.6354340708771273,0.3688809871673584
